house name,price per week,room type,bedroom,bathroom,parking,school 1,distance 1,school 2,distance 2,school 3,distance 3,school 4,distance 4,school 5,distance 5
1 Augusta Avenue Campbellfield Vic 3061,480,House,4,1,2,Campbellfield Heights Primary School,691,Dallas Brooks Community Primary School,1012,Sirius College - Dallas Campus,1660,Holy Child Primary School,2088,Sirius College - Eastmeadows Campus,2177
1 Langer Road Deanside Vic 3336,420,House,3,2,2,Southern Cross Grammar,2207,Catholic Regional College Caroline Springs,2231,St George Preca Catholic Primary School,2239,Creekside K-9 College,2295,Springside P-9 College,2302
1 Poets Mews Beveridge Vic 3753,500,House,4,2,2,Beveridge Primary School,1703,Gilgai Plains Primary School,5858,Gaayip-Yagila Primary School,6757,Wallan Secondary College,7068,Wallan Primary School,7771
10 Tarwarri Avenue Capel Sound Vic 3940,460,House,3,1,2,Rosebud Secondary College,298,Eastbourne Primary School,451,Our Lady of Fatima,873,Padua College - Rosebud Campus,1714,Rosebud Primary School,2568
1001/28 Bank Street South Melbourne Vic 3205,550,Apartment,2,2,1,Melbourne Grammar School,477,Victorian College Of The Arts Secondary School,503,MacRobertson Girls High School,569,South Melbourne Park Primary School,1153,Melbourne Girls' Grammar School - an Anglican School,1327
101/180 Reynolds Road Doncaster East Vic 3109,490,Apartment,2,2,1,Serpell Primary School,1293,Milgate Primary School,1357,St Charles Borromeo Primary School,1365,Our Lady of the Pines School,1491,Carey Baptist Grammar School - Donvale Campus,1842
101/43 Zetland Road Mont Albert Vic 3127,700,Apartment,3,2,2,Box Hill Senior Secondary College,803,Mont Albert Primary School,932,Our Holy Redeemer School,1072,Surrey Hills Primary School,1360,Our Lady of Perpetual Succour School,1413
101/6 Percy Place Prahran Vic 3181,490,Apartment,1,1,1,Prahran High School,96,Presentation College Windsor,738,Windsor Primary School,801,Victorian College For The Deaf,806,St Michael's Grammar School,973
104/94 Cade Way Parkville Vic 3052,490,Townhouse,2,2,1,Parkville College,542,Ascot Vale Special School,604,Mount Alexander 7-12 College,692,Debney Meadows Primary School,822,Flemington Primary School,907
104/959 High Street Armadale Vic 3143,770,Apartment,2,2,2,Armadale Primary School,453,Lauriston Girls' School,553,The King David School,918,St Joseph's Primary School,964,Our Lady of Lourdes School,1017
106 Station Street Port Melbourne Vic 3207,555,Townhouse,2,1,0,Port Phillip Specialist School,177,Port Melbourne Primary School,711,Port Melbourne Secondary College,855,Montague Continuing Education Centre,928,Galilee Regional Catholic Primary School,1116
107/33 Breese Street Brunswick Vic 3056,475,Apartment,2,1,1,St Margaret Mary's School,736,Sydney Road Community School,837,Moreland Primary School,924,Brunswick North Primary School,936,Brunswick Secondary College,1156
10A Margaret Grove Preston Vic 3072,540,Townhouse,3,1,1,Holy Name School,741,Preston Primary School,765,Preston High School,908,Northern College of the Arts and Technology,1051,Preston North East Primary School,1292
11 Georgia Place Keysborough Vic 3173,635,House,4,2,2,Lighthouse Christian College,344,Haileybury - Keysborough Campus,489,Sirius College - Keysborough Campus,1343,Resurrection School,1927,Keysborough Primary School,2333
11 Hulme Court Hillside Vic 3037,460,House,3,2,2,Cana Catholic Primary School,860,Parkwood Green Primary School,1257,Sydenham - Hillside Primary School,1341,Emmaus Catholic Primary School,1549,Overnewton Anglican Community College Taylors Lakes Campus,1653
11 Watford Court Epping Vic 3076,520,House,4,3,2,Epping Primary School,959,St Monica's College,1160,St Peter's Parish Primary School,1224,Meadowglen Primary School,1580,Epping Views Primary School,1686
115/951 Dandenong Road Malvern East Vic 3145,450,Apartment,1,1,1,St Mary's School,734,St Anthony's Primary School,965,Lloyd Street Primary School,987,The Currajong School,1078,Glen Eira College,1157
11/170 Albion Street Brunswick Vic 3056,510,Apartment,2,1,1,St Margaret Mary's School,350,Moreland Primary School,673,Sydney Road Community School,1008,Brunswick East Primary School,1239,Brunswick North Primary School,1345
1206/240 Barkly Street Footscray Vic 3011,310,Apartment,1,1,0,Gilmore College For Girls,159,Footscray Primary School,300,Footscray City Primary School,790,St Monica's Primary School,935,Footscray City College,1000
13 Bruford Road Port Melbourne Vic 3207,770,Townhouse,3,3,1,Montague Continuing Education Centre,678,Port Phillip Specialist School,943,South Melbourne Primary School,973,Port Melbourne Secondary College,986,Port Melbourne Primary School,1131
13 Morning Close Sanctuary Lakes Vic 3030,410,House,4,2,2,Seabrook Primary School,907,Lumen Christi Catholic Primary School Point Cook,1143,Altona Green Primary School,1676,Carranballac P-9 College,1930,Altona Meadows Primary School,2559
13-15 Middleton Road Armstrong Creek Vic 3217,550,House,4,2,2,Geelong Lutheran College,1164,St Catherine of Siena Catholic Primary School Armstrong Creek,2035,Oberon High School,2043,Armstrong Creek Primary School,2162,Mount Duneed Regional Primary School,2232
138B Unity Drive Mount Duneed Vic 3217,470,Townhouse,3,2,2,Mirripoa Primary School,280,Geelong Lutheran College,1306,Grovedale College,1765,Grovedale West Primary School,1766,Mount Duneed Regional Primary School,1791
139a Dryburgh Street North Melbourne Vic 3051,630,House,2,2,1,Simonds Catholic College,878,North Melbourne Primary School,905,St Joseph's Flexible Learning Centre,1035,Docklands Primary School,1044,St Aloysius College,1110
14 Bliss Street Point Cook Vic 3030,395,House,4,2,4,Featherbrook College P-9,611,Alamanda K-9 College,1107,Point Cook Prep - Year 9 College,1143,Stella Maris Catholic Primary School,1352,Point Cook Senior Secondary College,1568
14 Durrant Street Brighton Vic 3186,1420,Townhouse,4,3,3,Brighton Primary School,376,Firbank Grammar School Brighton,513,Brighton Grammar School,973,St James' Parish Primary School,1218,Gardenvale Primary School,1357
14 Harcourt Ave Caulfield Vic 3162,900,House,3,2,2,Caulfield Primary School,733,Shelford Girls' Grammar,817,St Aloysius' School,902,Melbourne Montessori School,954,Adass Israel School,1022
1410/120 A'beckett Street Melbourne Vic 3000,580,Apartment,2,2,0,Haileybury College - City Campus,637,Ozford College,649,St Joseph's Flexible Learning Centre,659,Simonds Catholic College,680,Stott's College,1059
1412/420-434 Spencer Street West Melbourne Vic 3003,500,Apartment,2,1,0,Haileybury College - City Campus,239,Ozford College,447,Simonds Catholic College,517,St Joseph's Flexible Learning Centre,811,Docklands Primary School,851
1492 Malvern Road Glen Iris Vic 3146,230,Unit,1,1,0,St Roch's Parish School,675,Sacre Coeur,955,Malvern Central School,1032,Korowa Anglican Girls' School,1045,Alia College,1222
14a Ferguson Court Ferntree Gully Vic 3156,650,Townhouse,4,2,2,Kent Park Primary School,332,Mountain Gate Primary School,411,Knox Park Primary School,1318,Fairhills High School,1340,Wattle View Primary School,1372
14A Geel Street Bentleigh Vic 3204,1450,Townhouse,4,2,2,St Paul's Primary School,381,Our Lady of the Sacred Heart College,434,Tucker Road Bentleigh Primary School,929,Bentleigh Secondary College,1372,Southern Autistic School,1473
15 Cerbera Bend Cranbourne North Vic 3977,550,House,4,2,2,Alkira Secondary College,1090,St Catherine's Catholic Primary School,1364,Hillsmeade Primary School,1417,Berwick Chase Primary School,2375,Heritage College,2566
15 Correa Drive Eaglehawk Vic 3556,360,House,2,1,2,Eaglehawk Primary School,1155,Eaglehawk Secondary College,1314,St Liborius' School,1522,Eaglehawk North Primary School,1541,California Gully Primary School,2572
15 Fidelitas Way Cranbourne South Vic 3977,560,House,4,2,0,Barton Primary School,1654,Woodlands Primary School,2501,Cranbourne South Primary School,2565,Cranbourne West Secondary College,2760,Skye Primary School,2896
15 Pittos Avenue Brookfield Vic 3338,390,House,4,2,2,Melton West Primary School,1367,Melton Christian College,1805,Wedge Park Primary School,2240,Melton Specialist School,2534,Melton Secondary College,2555
15 Ruairi Court Kurunjang Vic 3337,320,House,2,1,1,Kurunjang Primary School,935,Kurunjang Secondary College,937,Melton Secondary College,1300,St Dominic's Primary School,1309,Melton Specialist School,1310
15 The Crest Bulleen Vic 3105,500,House,3,1,2,Marcellin College,912,St Clement of Rome School,1001,Belle Vue Primary School,1321,Bulleen Heights School,1406,Boroondara Park Primary School,1540
1510/22-24 Jane Bell Lane Melbourne Vic 3000,470,Apartment,1,1,0,Holmes Secondary School,523,Carlton Gardens Primary School,950,Stott's College,986,Academy of Mary Immaculate,1045,Ozford College,1086
1559 Heatherton Road Dandenong North Vic 3175,380,House,3,1,2,Dandenong North Primary School,867,Emerson School,1184,Wooranna Park Primary School,1269,Dandenong High School,1372,St Gerard's Primary School,1408
156 Station Road Melton Vic 3337,400,House,4,1,2,Coburn Primary School,676,St Dominic's Primary School,1099,Melton Primary School,1214,Melton Secondary College,1241,Melton Specialist School,1263
15B Albion Street South Yarra Vic 3141,950,House,3,2,2,South Yarra Primary School,114,Christ Church Grammar School,446,Wesley College,825,Victorian College For The Deaf,845,Prahran High School,1061
15/110 Caroline Street South Yarra Vic 3141,360,Apartment,1,1,1,Melbourne High School,473,Melbourne Girls' Grammar School - an Anglican School,592,Christ Church Grammar School,637,Kamaruka Education Centre,791,South Yarra Primary School,955
16 Gardenview Court Templestowe Vic 3106,740,House,4,2,2,St Charles Borromeo Primary School,1191,Serpell Primary School,1354,Templestowe Park Primary School,1396,Templestowe College,1555,Doncaster Gardens Primary School,1708
163 Browns-Scarsdale Rd Scarsdale Vic 3351,480,House,4,1,2,Woady Yaloak Primary School - Scarsdale Campus,2228,Woady Yaloak Primary School - Smythesdale Campus,2783,Woady Yaloak Primary School - Ross Creek Campus,8336,Cape Clear Primary School,8824,Woady Yaloak Primary School - Snake Valley Campus,9545
16/667 Glenhuntly Road Caulfield Vic 3162,450,Apartment,2,1,1,Caulfield Primary School,301,The Japanese School of Melbourne Ltd,717,Melbourne Montessori School,741,Wesley College Elsternwick Campus,746,Adass Israel School,811
17 Alfred Park Drive Tarneit Vic 3029,425,House,3,2,2,Baden Powell P-9 College,500,St Francis of Assisi Catholic Primary School,843,Thomas Carr College,843,Tarneit P-9 College,1714,Tarneit Senior College,1755
17 Freedom Drive Mount Duneed Vic 3217,520,House,4,2,2,Mirripoa Primary School,714,Geelong Lutheran College,1130,Mount Duneed Regional Primary School,1224,Grovedale College,2362,Grovedale West Primary School,2363
1707/243 Franklin Street Melbourne Vic 3000,480,Apartment,2,1,0,Haileybury College - City Campus,369,Ozford College,419,Simonds Catholic College,535,St Joseph's Flexible Learning Centre,638,Stott's College,1301
1718/8 Daly Street South Yarra Vic 3141,450,Apartment,1,1,0,Kamaruka Education Centre,276,Melbourne High School,283,Christ Church Grammar School,793,South Yarra Primary School,932,Richmond Primary School,991
17/872 Doncaster Road Doncaster East Vic 3109,500,Apartment,2,2,1,Doncaster Gardens Primary School,622,Sts Peter and Paul's School,749,Doncaster Secondary College,842,East Doncaster Secondary College,1208,Doncaster Primary School,1396
18 Pitt Street West Footscray Vic 3012,590,House,3,2,3,Footscray West Primary School,570,Christ the King Primary School,942,Dinjerra Primary School,1192,Rosamond Special School,1326,St John's School,1357
18/62 Wellington Street St Kilda Vic 3182,395,Apartment,1,1,1,St Michael's Grammar School,490,Presentation College Windsor,636,Prahran High School,701,Windsor Primary School,758,St Kilda Park Primary School,843
19 Regent Street Oakleigh Vic 3166,550,House,3,2,1,Sacred Heart Parish School,665,Sacred Heart Girls' College,759,Oakleigh Primary School,817,Christ Our Holy Redeemer School,1109,Oakleigh Grammar,1158
19 Scott Grove Kingsbury Vic 3083,580,House,5,2,2,Kingsbury Primary School,270,Our Lady of the Way School,511,Reservoir High School,772,Reservoir East Primary School,1262,St Stephen's School,1680
1903/285 La Trobe Street Melbourne Vic 3000,630,Apartment,2,1,1,Ozford College,619,Haileybury College - City Campus,697,Simonds Catholic College,899,St Joseph's Flexible Learning Centre,911,Holmes Secondary School,996
195A Alma Road St Kilda East Vic 3183,1000,House,4,2,2,Beth Rivkah Ladies College,665,Yeshivah and Beth Rivkah Colleges,694,St Mary's School,731,Christian Brothers' College,769,The King David School,774
1A Murray Drive Burwood Vic 3125,890,House,4,3,2,Wattle Park Primary School,403,Presbyterian Ladies' College,633,Hartwell Primary School,1449,Mount Scopus Memorial College,1538,Ashwood School,1579
1/104 High Street Northcote Vic 3070,710,House,3,1,0,St Joseph's Primary School,568,Northcote Primary School,885,Westgarth Primary School,909,Spensley Street Primary School,1020,Fitzroy High School,1021
1/13 Peverill Street Deepdene Vic 3103,445,Apartment,3,2,0,Our Lady of Good Counsel Parish School,338,Camberwell Anglican Girls' Grammar School,462,Deepdene Primary School,560,Camberwell Grammar School,580,Genazzano FCJ College,590
1/151 Buckley Street Seddon Vic 3011,820,Townhouse,3,2,2,Footscray Primary School,502,Gilmore College For Girls,631,Footscray City Primary School,805,St John's School,962,St Augustine's School,1210
1/17 Sebastopol Street Caulfield North Vic 3161,650,Unit,2,2,2,Caulfield Junior College,179,St Aloysius' School,643,Shelford Girls' Grammar,925,Caulfield Park Community School,1326,Caulfield Grammar School,1359
1/173 Kilby Rd Kew East Vic 3102,400,Apartment,2,1,1,Kew High School,400,Kew East Primary School,959,St Anne's Parish School,1007,St Bede's Parish School,1078,Balwyn High School,1516
1/19 Odessa Court Werribee Vic 3030,350,House,3,2,1,Thomas Chirnside Primary School,304,Manorvale Primary School,969,St Andrew's Primary School,1092,Iramoo Primary School,1095,Werribee Primary School,1876
1/22 Maivary Lane Northcote Vic 3070,550,Townhouse,2,1,1,Westgarth Primary School,447,Santa Maria College,832,Fairfield Primary School,1029,St Anthony's School,1109,St Joseph's Primary School,1222
1/24 Border Drive Mill Park Vic 3082,360,Unit,2,1,2,Mill Park Heights Primary School,911,Meadowglen Primary School,960,Mill Park Secondary College,1597,St Francis of Assisi Primary School,1631,Findon Primary School,1969
1/24 Canonbury Circle Seabrook Vic 3028,340,House,3,1,1,Seabrook Primary School,88,Lumen Christi Catholic Primary School Point Cook,1422,Carranballac P-9 College,1541,Altona Green Primary School,2238,Altona Meadows Primary School,2341
1/26 Houston Street Epping Vic 3076,500,Townhouse,4,2,2,Epping Primary School,337,St Peter's Parish Primary School,350,St Monica's College,395,Epping Secondary College,1096,Lalor North Secondary College,1450
1/28 Oakern Street Mount Waverley Vic 3149,470,Unit,3,1,1,Mount Waverley Primary School,636,Mount Waverly Heights Primary School,898,Holy Family School,1615,Avila College,1620,Christ Our Holy Redeemer School,1633
1/31 Bevan Avenue Clayton South Vic 3169,400,House,3,1,1,Westall Secondary College,1012,Westall Primary School,1114,Clayton South Primary School,1332,St Peter's School,1453,St Andrew's School,1897
1/33-41 Rankins Road Kensington Vic 3031,365,Apartment,1,1,2,Flemington Primary School,490,Kensington Primary School,558,Debney Meadows Primary School,586,Kensington Community High School,599,St Brendan's School,600
1/39 Walpole Street Kew Vic 3101,525,Apartment,3,1,0,Kew Primary School,145,St Paul's College,513,Sacred Heart Parish School,797,Trinity Grammar School,836,Xavier College,948
1/44 Victoria Street Coburg Vic 3058,650,Townhouse,3,2,1,Coburg Primary School,493,St Paul's Parish Primary School,778,Coburg North Primary School,1038,St Fidelis' Primary School,1182,Coburg High School,1230
1/5 Stratheden Court Sydenham Vic 3037,450,Townhouse,4,2,2,Emmaus Catholic Primary School,886,Catholic Regional College Sydenham,1023,Overnewton Anglican Community College Taylors Lakes Campus,1040,Sydenham - Hillside Primary School,1068,Cana Catholic Primary School,1550
1/5 Tobias Avenue Glen Waverley Vic 3150,550,Unit,3,2,1,St Leonard's Parish Primary School,402,Glenallen School,621,Mount View Primary School,933,Glen Waverley South Primary School,1133,Glen Waverley Secondary College,1180
1/5 Wheeler Place Geelong Vic 3220,470,Townhouse,2,2,2,Geelong High School,496,St Mary's Primary School,868,Geelong South Primary School,1235,Matthew Flinders Girls Secondary College,1395,St Margaret's School,1540
1/765 Punt Road South Yarra Vic 3141,500,Apartment,2,2,0,Christ Church Grammar School,269,South Yarra Primary School,620,Melbourne Girls' Grammar School - an Anglican School,631,Melbourne High School,762,Kamaruka Education Centre,987
1/803 Whitehorse Road Mont Albert Vic 3127,1000,Townhouse,3,3,3,Box Hill Senior Secondary College,702,Mont Albert Primary School,852,Our Holy Redeemer School,1088,Surrey Hills Primary School,1419,Our Lady of Perpetual Succour School,1516
1/9 Lex Grove Oak Park Vic 3046,460,Unit,3,1,1,St Francis de Sales School,380,Pascoe Vale Girls Secondary College,839,Oak Park Primary School,957,Westbreen Primary School,968,Strathmore North Primary School,1056
2 Bird Avenue Northcote Vic 3070,530,House,3,1,2,Croxton Special School,577,Thornbury Primary School,864,Northcote High School,864,St Mary's School,1010,Brunswick East Primary School,1144
2 Cornwall Street Brunswick West Vic 3055,650,House,3,1,1,Brunswick North Primary School,198,Brunswick North West Primary School,549,St Joseph's School,675,St Fidelis' Primary School,1013,Coburg West Primary School,1243
2 Loyola Avenue Brunswick Vic 3056,795,House,4,2,2,Sydney Road Community School,704,Brunswick South Primary School,896,Our Lady Help of Christians School,945,Brunswick East Primary School,1083,Princes Hill Primary School,1199
2 Pennell Avenue St Albans Vic 3021,340,House,3,1,1,St Albans Primary School,972,Victoria University Secondary College,1072,Catholic Regional College St Albans,1076,Sacred Heart Primary School,1162,University Park Primary School,1190
2 Rona Road Point Cook Vic 3030,420,House,4,2,2,Featherbrook College P-9,556,Alamanda K-9 College,997,Point Cook Prep - Year 9 College,1257,Stella Maris Catholic Primary School,1523,Point Cook Senior Secondary College,1797
20 Bickley Street Melton West Vic 3337,400,House,4,2,2,St Catherine's School,1751,Catholic Regional College Melton,1751,Kurunjang Primary School,2151,Kurunjang Secondary College,2225,Wedge Park Primary School,2610
2004/288 Spencer Street Melbourne Vic 3000,360,Apartment,1,1,0,Ozford College,231,Haileybury College - City Campus,312,Simonds Catholic College,872,Docklands Primary School,972,St Joseph's Flexible Learning Centre,1124
201/19 Lillimur Road Ormond Vic 3204,480,House,2,2,1,Katandra School,70,Kilvington Grammar School,260,St Kevin's Parish School,393,Mount Scopus Memorial College - Caulfield Junior Division,708,Ormond Primary School,854
203/174 Burnley Street Richmond Vic 3121,500,Apartment,1,1,1,Trinity Catholic School,384,Yarra Primary School,505,Richmond High School - Griffiths Campus,510,Lynall Hall Community School,579,Melbourne Girls College,696
203/770D Toorak Road Glen Iris Vic 3146,,Apartment,2,1,1,Alia College,275,Bialik College,416,Auburn High School,681,Auburn South Primary School,730,Camberwell South Primary School,1445
205/4 Moonering Drive Coburg Vic 3058,450,Apartment,2,2,1,St Paul's Parish Primary School,329,Coburg Primary School,668,Coburg High School,722,Mercy College,745,St Bernard's Primary School,1368
205/6 Station St Moorabbin Vic 3189,430,House,2,1,1,Berendale School,661,Moorabbin Primary School,879,Our Lady of the Sacred Heart College,1124,Tucker Road Bentleigh Primary School,1200,St Agnes' Primary School,1355
206/126 Chapel Street St Kilda Vic 3182,450,Apartment,1,1,1,St Kilda Primary School,115,Yesodei Hatorah College,744,Yeshivah and Beth Rivkah Colleges,878,Beth Rivkah Ladies College,939,St Michael's Grammar School,1055
21 South Hampton Drive Point Cook Vic 3030,410,House,3,2,2,Carranballac P-9 College,630,Point Cook Senior Secondary College,1273,Seabrook Primary School,1342,Lumen Christi Catholic Primary School Point Cook,1737,Stella Maris Catholic Primary School,1895
210 Blackburn Road Blackburn South Vic 3130,595,House,4,3,1,Aurora School,486,Orchard Grove Primary School,658,St Luke the Evangelist School,953,Forest Hill College,1009,Burwood Heights Primary School,1047
2108/9 Power Street Southbank Vic 3006,420,Apartment,1,1,0,Victorian College Of The Arts Secondary School,704,South Melbourne Primary School,974,Ozford College,1268,Montague Continuing Education Centre,1339,Haileybury College - City Campus,1499
211/6 Victoria Street St Kilda Vic 3182,625,Apartment,1,1,1,St Kilda Park Primary School,804,Yesodei Hatorah College,1384,St Kilda Primary School,1558,St Michael's Grammar School,1714,Victorian College For The Deaf,1807
211/8 Bourke Street Ringwood Vic 3134,490,Apartment,2,2,1,Our Lady of Perpetual Help School,677,Ringwood Secondary College,1240,Ringwood Heights Primary School,1324,Aquinas College,1445,Great Ryrie Primary School,1673
213 Don Street Bendigo Vic 3550,590,House,3,2,2,Bendigo Primary School,239,Girton Grammar School,545,Catherine McAuley College St Mary's Campus,716,Creek Street Christian College,926,Camp Hill Primary School,1011
216-218 Rossiter Road Koo Wee Rup Vic 3981,525,House,4,1,2,St John the Baptist's School,476,Koo Wee Rup Primary School,1014,Koo Wee Rup Secondary College,1219,Bayles Regional Primary School,7640,Cardinia Primary School,8233
22 Piedmont Street Box Hill South Vic 3128,380,House,2,1,2,Kingswood College,244,Our Lady of Perpetual Succour School,367,Roberts McCubbin Primary School,1051,Surrey Hills Primary School,1389,Our Holy Redeemer School,1769
22 Victor Crescent Forest Hill Vic 3131,550,House,4,2,1,Burwood Heights Primary School,551,Forest Hill College,686,Emmaus College,796,Parkmore Primary School,830,Vermont South Special School,1497
222/158 Smith Street Collingwood Vic 3066,600,Apartment,2,2,1,Collingwood English Language School,421,Collingwood College,425,St Joseph's School,454,Sacred Heart School,469,Fitzroy Primary School,531
227/2 Gillies Street Essendon North Vic 3041,350,Apartment,1,1,1,Essendon North Primary School,141,Buckley Park College,874,St Therese's School,1180,St John Bosco's School,1286,Strathmore Primary School,1366
23 Normdale Road Bentleigh East Vic 3165,490,House,4,2,2,East Bentleigh Primary School,448,St James College,508,Southern Autistic School,751,St Peter's School,819,Bentleigh Secondary College,856
2301/1 Almeida Crescent South Yarra Vic 3141,1800,Apartment,3,2,3,Kamaruka Education Centre,290,Melbourne High School,445,Christ Church Grammar School,827,South Yarra Primary School,898,Richmond Primary School,1126
234 Albert Street Brunswick Vic 3056,525,Townhouse,2,1,1,Sydney Road Community School,190,Brunswick Secondary College,832,St Margaret Mary's School,1234,Brunswick South Primary School,1296,Brunswick East Primary School,1436
24 Monaro Street Tarneit Vic 3029,480,House,4,2,2,Tarneit P-9 College,678,Tarneit Senior College,998,Baden Powell P-9 College,1010,St James the Apostle School,1608,St Francis of Assisi Catholic Primary School,1629
240 Myers St Geelong Vic 3220,450,House,3,2,1,Geelong High School,419,St Mary's Primary School,882,Geelong South Primary School,1045,St Margaret's School,1058,Tate Street Primary School Geelong,1450
2404/9 Waterside Place Docklands Vic 3008,780,Apartment,2,2,2,Docklands Primary School,870,Montague Continuing Education Centre,1367,Ozford College,1399,Haileybury College - City Campus,1431,South Melbourne Primary School,1443
24/31 Moreland Street Footscray Vic 3011,360,Apartment,1,1,1,St Monica's Primary School,129,Footscray City Primary School,833,Gilmore College For Girls,1165,Footscray Primary School,1305,Footscray City College,1736
26 Malmsbury Street Kew Vic 3101,500,House,2,1,1,Kew Primary School,174,St Paul's College,750,Sacred Heart Parish School,786,Trinity Grammar School,888,Xavier College,1082
26 Raven Close Ocean Grove Vic 3226,360,House,3,1,0,Ocean Grove Primary School,395,Our Lady Star of the Sea Primary School,1428,Surfside Primary School,1656,Barwon Heads Primary School,3950,Wallington Primary School,4996
27 Garnet Street Essendon West Vic 3040,700,House,3,1,1,Rosehill Secondary College,256,St Bernard's College,271,St John Bosco's School,696,Buckley Park College,950,Aberfeldie Primary School,1035
2704/8 Kavanagh Street Southbank Vic 3006,1100,Apartment,2,2,1,Victorian College Of The Arts Secondary School,677,South Melbourne Primary School,1372,Melbourne Grammar School,1390,Holmes Secondary School,1446,Ozford College,1530
28A Pridham Street Maribyrnong Vic 3032,550,House,4,1,2,Maribyrnong Secondary College,195,Footscray North Primary School,741,Rosamond Special School,862,Footscray City College,1184,St John's School,1633
29 Ireland Street West Melbourne Vic 3003,1200,House,3,2,1,Docklands Primary School,631,Simonds Catholic College,683,Haileybury College - City Campus,788,St Joseph's Flexible Learning Centre,961,Ozford College,996
29 Shetland Drive Wantirna Vic 3152,740,House,4,2,1,Bayswater West Primary School,750,Regency Park Primary School,1200,Bayswater Primary School,1231,St Luke's School,1244,Heathmont College,1536
29 Wellington St Geelong West Vic 3218,675,House,4,2,1,Ashby Primary School,348,St Patrick's School,522,St John's Lutheran School,1031,Matthew Flinders Girls Secondary College,1205,Newtown Primary School,1383
2907/35 Malcolm Street South Yarra Vic 3141,770,Apartment,2,2,2,Kamaruka Education Centre,145,Melbourne High School,241,Richmond Primary School,881,Christ Church Grammar School,942,South Yarra Primary School,1083
2/10 Lorne Parade Mont Albert Vic 3127,480,Unit,2,1,1,Our Holy Redeemer School,291,Surrey Hills Primary School,389,Chatham Primary School,917,Our Lady of Perpetual Succour School,1157,Mont Albert Primary School,1163
2/103 Guildford Road Surrey Hills Vic 3127,455,Villa,2,1,2,Our Holy Redeemer School,405,Surrey Hills Primary School,517,Chatham Primary School,580,Mont Albert Primary School,1310,Canterbury Primary School,1456
2/11 Mernda Road Kooyong Vic 3144,550,Apartment,3,1,0,Bialik College,858,Auburn High School,934,Alia College,955,Auburn South Primary School,998,Scotch College,1027
2/230 Ferrars Street South Melbourne Vic 3205,950,Townhouse,2,2,2,Galilee Regional Catholic Primary School,260,South Melbourne Primary School,532,Montague Continuing Education Centre,581,Albert Park Primary School,933,South Melbourne Park Primary School,1005
2/24 Power Street Dandenong Vic 3175,399,Unit,3,2,2,St Mary's Primary School,240,St John's Regional College,309,Dandenong Primary School,366,Maranatha Junior School Doveton,1276,Holy Family School,1321
2/24 Tennyson Street Elwood Vic 3184,420,Apartment,2,1,1,Yesodei Hatorah College,263,St Kilda Primary School,382,Elwood Primary School,1061,Elwood College,1073,St Columba's School,1215
2/267 Wantirna Road Wantirna Vic 3152,475,Townhouse,3,2,2,Heathmont College,493,Marlborough Primary School,605,St Luke's School,1587,St James' School,1619,Regency Park Primary School,1697
2/29 Gresford Road Wantirna Vic 3152,430,House,3,1,2,St Luke's School,501,Regency Park Primary School,553,Wantirna College,897,Templeton Primary School,1318,Heathmont College,1353
2/30 Highlands Road Thomastown Vic 3074,400,Unit,3,1,2,Thomastown Primary School,404,Thomastown Secondary College,775,Thomastown West Primary School,779,St Luke's Primary School,1000,St Clare's School,1228
2/353 Geelong Road Kingsville Vic 3012,410,Unit,2,1,1,Corpus Christi School,324,Kingsville Primary School,544,Yarraville West Primary School,1107,Yarraville Special Developmental School,1311,St Augustine's School,1317
2/39 Olive Street Reservoir Vic 3073,420,Townhouse,2,1,1,St Gabriel's School,275,Reservoir Primary School,636,Reservoir West Primary School,1390,St Stephen's School,1436,Preston Primary School,1603
2/4 Hilltop Avenue Clayton Vic 3168,300,Studio,1,1,0,John Monash Science School,801,Clayton North Primary School,867,Amsleigh Park Primary School,1687,St Peter's School,1915,Pinewood Primary School,2108
2/42 Hopetoun Avenue Canterbury Vic 3126,650,Unit,3,1,2,Fintona Girls' School,617,Canterbury Girls Secondary College,652,Balwyn Primary School,752,Camberwell Grammar School,986,Strathcona Baptist Girls' Grammar School,1179
2/47 Gourlay Street St Kilda East Vic 3183,345,Apartment,2,1,1,Mount Scopus Memorial College (Gandel-Besen House),386,Yeshivah and Beth Rivkah Colleges,513,Beth Rivkah Ladies College,543,Caulfield Grammar School,613,Ripponlea Primary School,667
2/48 Magnolia Road Gardenvale Vic 3185,320,Apartment,1,1,1,Leibler Yavneh College,577,Gardenvale Primary School,779,Wesley College Elsternwick Campus,835,The Japanese School of Melbourne Ltd,947,St James' Parish Primary School,1165
2/602 Highbury Road Glen Waverley Vic 3150,450,Unit,3,1,1,Glendal Primary School,751,Burwood East Primary School,826,Holy Saviour Primary School,1259,Highvale Primary School,1270,Highvale Secondary College,1426
2/64 Seston Street Reservoir Vic 3073,420,Unit,2,1,1,East Preston Islamic College,644,Preston North East Primary School,763,Reservoir High School,863,Kingsbury Primary School,1350,Reservoir East Primary School,1361
2/73 Hansen Street Altona North Vic 3025,450,Townhouse,2,2,1,Bayside P-12 College Paisley Campus,1021,Newport Gardens Primary School,1146,Newport Lakes Primary School,1210,St Margaret Mary's School,1235,Altona North Primary School,1445
2/8 Short Street Northcote Vic 3070,530,Apartment,2,1,1,Spensley Street Primary School,571,Westgarth Primary School,849,St Joseph's Primary School,968,Fitzroy High School,1152,Northcote Primary School,1274
2/82 Para Rd Montmorency Vic 3094,500,Unit,3,1,2,Montmorency Secondary College,570,Montmorency Primary School,646,Lower Plenty Primary School,1016,Briar Hill Primary School,1104,St Francis Xavier Primary School,1133
3 Sidon Circuit Tarneit Vic 3029,430,House,4,2,2,Tarneit Senior College,265,Tarneit P-9 College,611,Baden Powell P-9 College,1722,St Francis of Assisi Catholic Primary School,2505,Thomas Carr College,2508
301/15 Breese Street Brunswick Vic 3056,480,Apartment,2,2,1,Sydney Road Community School,737,St Margaret Mary's School,794,Brunswick North Primary School,975,Moreland Primary School,1008,Brunswick Secondary College,1070
304/23 MacKenzie Street Melbourne Vic 3000,650,Apartment,2,2,0,Holmes Secondary School,526,Carlton Gardens Primary School,644,Stott's College,692,Academy of Mary Immaculate,787,St Joseph's Flexible Learning Centre,1162
304/9 High Street North Melbourne Vic 3051,280,Apartment,1,1,0,North Melbourne Primary School,246,University High School,308,St Joseph's Flexible Learning Centre,495,Simonds Catholic College,721,St Michael's School,953
305/33 Harrow Street Box Hill Vic 3128,510,Apartment,2,2,1,Our Lady of Sion College,522,St Francis Xavier's Parish Primary School,600,Box Hill High School,989,Laburnum Primary School,1235,Kingswood College,1403
308/6 Mater Street Collingwood Vic 3066,440,Apartment,1,1,1,Clifton Hill Primary School,463,St Joseph's School,576,Collingwood College,583,Fitzroy Primary School,601,St John's School,627
3114/9 Power Street Southbank Vic 3006,450,Apartment,1,1,0,Victorian College Of The Arts Secondary School,704,South Melbourne Primary School,974,Ozford College,1268,Montague Continuing Education Centre,1339,Haileybury College - City Campus,1499
313 Mitcham Road Mitcham Vic 3132,425,House,2,2,1,Mitcham Primary School,471,St John's School,556,Mullauna Secondary College,618,Antonio Park Primary School,1129,Rangeview Primary School,2033
315/188 Peel Street North Melbourne Vic 3051,310,Apartment,1,1,0,St Joseph's Flexible Learning Centre,184,Simonds Catholic College,484,University High School,644,North Melbourne Primary School,709,Stott's College,936
32 Hinterland Drive Curlewis Vic 3222,430,House,4,2,2,Clifton Springs Primary School,1161,St Ignatius College Geelong,1608,St Thomas' Primary School,1636,Bellarine Secondary College,1730,Christian College Bellarine,2338
34 Dinah Parade Keilor East Vic 3033,380,Unit,3,1,1,Essendon Keilor College - East Keilor Campus,447,St Peter's School,663,Keilor Heights Primary School,751,Penleigh and Essendon Grammar School (Senior School),1276,St Bernard's College,1562
34 Kinkead Crescent Endeavour Hills Vic 3802,520,House,4,2,2,St Paul Apostle South School,529,Thomas Mitchell Primary School,815,Southern Cross Primary School,959,Gleneagles Secondary College,1249,Mossgiel Park Primary School,1310
3517/70 Southbank Boulevard Southbank Vic 3006,450,Unit,1,1,0,Victorian College Of The Arts Secondary School,608,South Melbourne Primary School,1129,Ozford College,1410,Melbourne Grammar School,1474,Montague Continuing Education Centre,1504
36 Duosa Road Altona North Vic 3025,490,House,3,1,2,Annunciation School,722,Bayside P-12 College Altona North Campus,1055,Altona North Primary School,1318,St Leo the Great School,1348,Emmanuel College,1699
36 Mackenzie Drive Wollert Vic 3750,520,House,4,2,2,Edgars Creek Secondary College,585,Harvest Home Primary School,1706,St Mary of the Cross MacKillop Catholic Parish Primary School,1872,Epping Views Primary School,2412,Al Siraat College,2813
37 Valentine Street Rye Vic 3941,550,House,3,1,1,Rye Primary School,2729,Tootgarook Primary School,5718,Sorrento Primary School,6017,St Joseph's Primary School,6073,Eastbourne Primary School,7937
372A Gore Street Fitzroy Vic 3065,850,Apartment,3,1,0,Fitzroy Primary School,279,Collingwood College,319,St Joseph's School,335,Sacred Heart School,628,Clifton Hill Primary School,784
38 Riland Boulevard Tarneit Vic 3029,430,House,4,2,2,Tarneit Senior College,2427,Tarneit P-9 College,2614,Islamic College Of Melbourne,3727,Good News Lutheran College,3917,Baden Powell P-9 College,3942
38 Sixth Avenue Rosebud Vic 3939,420,House,3,1,1,Rosebud Primary School,827,Our Lady of Fatima,1271,Rosebud Secondary College,1556,Padua College - Rosebud Campus,1689,Eastbourne Primary School,2210
3/10 Cypress Avenue Brooklyn Vic 3012,420,House,2,1,1,Annunciation School,332,Bayside P-12 College Altona North Campus,1577,Altona North Primary School,1832,St Leo the Great School,1870,Emmanuel College,2222
3/195 Union Street Brunswick West Vic 3055,490,Townhouse,2,2,1,Brunswick South West Primary School,268,Parkville College,557,Brunswick Secondary College,838,St Joseph's School,1166,Ascot Vale Special School,1264
3/21 Tiuna Grove Elwood Vic 3184,400,Apartment,2,1,1,St Columba's School,289,Elwood College,459,Elwood Primary School,573,Yesodei Hatorah College,1315,Divrei Emineh,1537
3/22 Chestnut Street Carnegie Vic 3163,370,Apartment,1,1,1,Carnegie Primary School,672,Murrumbeena Primary School,831,The Currajong School,1156,St Anthony's Primary School,1293,Glen Huntly Primary School,1515
3/26 Clyde Street Ferntree Gully Vic 3156,600,Townhouse,3,2,2,Mountain Gate Primary School,341,Kent Park Primary School,411,Wattle View Primary School,1326,Knox Park Primary School,1400,Fairhills High School,1409
3/3 Heather Grove Nunawading Vic 3131,530,Townhouse,3,2,2,Mount Pleasant Road Nunawading Primary School,553,Nunawading Christian College - Primary,578,Nunawading Christian College - Secondary,711,Blackburn Lake Primary School,899,St John's School,1542
3/3 Rickard Street Avondale Heights Vic 3034,560,Townhouse,3,2,2,Avondale Primary School,707,Braybrook College,1136,Sunshine College,1242,St Martin de Porres School,1345,Sunshine North Primary School,1413
3/30 Faraday Street Boronia Vic 3155,500,Unit,3,2,2,St Joseph's School,439,Boronia West Primary School,579,Bayswater South Primary School,1050,Fairhills Primary School,1231,Our Lady of Lourdes School,1292
3/40 Home Street Reservoir Vic 3073,420,Unit,2,1,1,Holy Name School,552,Reservoir East Primary School,639,Reservoir High School,871,Preston Primary School,996,Preston North East Primary School,1040
3/5 Moon Street Brighton East Vic 3187,600,Villa,3,2,1,Gardenvale Primary School,752,Ormond Primary School,899,Melbourne Montessori School,946,Mount Scopus Memorial College - Caulfield Junior Division,1065,Caulfield South Primary School,1206
3/6 Industry Lane Coburg Vic 3058,480,Apartment,2,2,2,St Paul's Parish Primary School,259,Coburg Primary School,598,Coburg High School,631,Mercy College,835,St Bernard's Primary School,1269
3/7-9 Webb Street Seaford Vic 3198,350,Unit,3,1,1,Nepean Special School,536,Belvedere Park Primary School,680,St Anne's School,1144,Monterey Secondary College,1146,Aldercourt Primary School,1259
3/9 Frogmore Road Carnegie Vic 3163,300,Apartment,1,1,1,St Patrick's School,889,Carnegie Primary School,919,Murrumbeena Primary School,1035,Glen Huntly Primary School,1551,Oakleigh Grammar,1648
4 Hugh Street Knoxfield Vic 3180,430,House,3,1,3,Knox Park Primary School,532,Kent Park Primary School,670,Fairhills High School,851,St Mary's College for Hearing Impaired Students,1236,Holy Trinity Primary School,1236
4 Jennifer Court Mount Waverley Vic 3149,650,House,4,2,2,Syndal South Primary School,720,Pinewood Primary School,778,Huntingtower School,909,Avila College,1291,Mount Waverley Primary School,1312
4 Kepsi Place Croydon Vic 3136,700,House,4,2,2,Ruskin Park Primary School,1180,Croydon Primary School,1240,Croydon Community School,1663,Manchester Primary School,1919,Yarra Hills Secondary College,2020
40 Riland Boulevard Tarneit Vic 3029,430,House,4,2,2,Tarneit Senior College,2419,Tarneit P-9 College,2604,Islamic College Of Melbourne,3711,Good News Lutheran College,3901,Baden Powell P-9 College,3934
401/82  Hawdon street Heidelberg Vic 3084,470,Apartment,2,1,1,St John's Primary School,189,Our Lady of Mercy College,286,Heidelberg Primary School,335,Ivanhoe Girls' Grammar School,1888,Banyule Primary School,1904
406/611 Sydney Road Brunswick Vic 3056,400,Apartment,1,1,1,St Margaret Mary's School,665,Sydney Road Community School,792,Moreland Primary School,901,Brunswick North Primary School,1069,Brunswick Secondary College,1184
40a Macedon Parade Wollert Vic 3750,360,Townhouse,2,2,1,Edgars Creek Secondary College,197,Harvest Home Primary School,1549,St Mary of the Cross MacKillop Catholic Parish Primary School,2127,Epping Views Primary School,2901,Al Siraat College,3497
42 Bell Street Hawthorn Vic 3122,700,House,3,1,0,Methodist Ladies' College,434,Swinburne Senior Secondary College,491,Ruyton Girls' School,779,Glenferrie Primary School,852,Carey Baptist Grammar School,863
42 Restful Way Rockbank Vic 3335,450,House,4,2,2,Rockbank Primary School,983,Bacchus Marsh Grammar - Woodlea Campus,1833,Aintree Primary School,2018,Creekside K-9 College,7382,Brookside P-9 College,7411
43 Bellman Avenue Clyde Vic 3978,475,House,3,2,2,Ramlegh Park Primary School,979,Clyde Primary School,2022,St Peters College - Clyde North Campus,2221,St Thomas The Apostle Catholic Primary School,2232,Lighthouse Christian College Cranbourne,3244
43 Daisy Street Huntly Vic 3551,450,House,4,2,0,Huntly Primary School,1198,Epsom Primary School,5887,Holy Rosary School,8005,White Hills Primary School,8436,Weeroona College Bendigo,9749
43 Meerlu Avenue Frankston Vic 3199,500,House,3,1,2,McClelland College,205,Naranga Special School,513,Ballam Park Primary School,618,St John's Primary School,827,Frankston East Primary School,975
43 Neville Street Box Hill South Vic 3128,445,House,3,1,2,Mount Scopus Memorial College,772,Kingswood College,1006,Presbyterian Ladies' College,1069,Roberts McCubbin Primary School,1103,Our Lady of Perpetual Succour School,1277
44 Laura Street Brunswick Vic 3056,760,Other,3,2,0,Sydney Road Community School,396,Brunswick Secondary College,998,Brunswick South Primary School,1043,Our Lady Help of Christians School,1209,Princes Hill Primary School,1281
448 Rae Street Fitzroy North Vic 3068,950,House,3,1,1,Deutsche Schule Melbourne,373,Fitzroy North Primary School,473,Our Lady Help of Christians School,611,Merri Creek Primary School,624,Fitzroy High School,738
45 Versant Drive Craigieburn Vic 3064,450,House,4,2,2,Aitken Creek Primary School,2021,Kolbe Catholic College,2153,Willmott Park Primary School,2513,Keelonith Primary School,3074,Roxburgh Rise Primary School,3100
4/107 Old Princess Highway Beaconsfield Vic 3807,385,Unit,2,1,2,St Francis Xavier College,234,Beaconsfield Primary School,593,Haileybury College - Berwick campus,1310,Berwick Primary School,1975,Orchard Park Primary School,2049
4/1494 High Street Glen Iris Vic 3146,699,Apartment,3,3,1,Sacre Coeur,716,St Roch's Parish School,742,Malvern Central School,804,Korowa Anglican Girls' School,887,De La Salle College,1146
4/17 Barrell Street Eaglehawk Vic 3556,350,Unit,2,1,1,St Liborius' School,195,Eaglehawk Secondary College,377,Eaglehawk Primary School,536,California Gully Primary School,1424,Lightning Reef Primary School,1763
4/179 Mason Street Newport Vic 3015,310,Unit,2,1,0,Newport Gardens Primary School,400,Bayside P-12 College Paisley Campus,461,Newport Lakes Primary School,981,Sacred Heart School,1275,St Margaret Mary's School,1567
4/28 Upper Skene Street Newtown Vic 3220,375,Unit,2,1,1,St Joseph's College,480,Newtown Primary School,569,Sacred Heart College,706,The Geelong College,841,Geelong Grammar School - Bostock House,864
4/28 Upper Skene Street Newtown Vic 3220,375,Unit,2,1,1,St Joseph's College,480,Newtown Primary School,569,Sacred Heart College,706,The Geelong College,841,Geelong Grammar School - Bostock House,864
4/301 Jasper  Road Ormond Vic 3204,395,Unit,2,1,1,St Kevin's Parish School,523,Mckinnon Secondary College,594,Katandra School,690,Mckinnon Primary School,824,Ormond Primary School,833
4/31 Bayview Crescent Black Rock Vic 3193,700,Townhouse,2,2,1,Black Rock Primary School,500,St Joseph's School,1041,Firbank Grammar School Sandringham,1070,Sandringham East Primary School,1383,Sandringham College,1505
4/32 Dunblane Road Noble Park Vic 3174,370,Unit,2,1,2,Harrisfield Primary School,882,Noble Park English Language School,905,Noble Park Secondary College,998,Noble Park Primary School,1054,St Anthony's School,1263
4/51 Chapel Street St Kilda Vic 3182,320,Apartment,1,1,1,St Michael's Grammar School,333,Christian Brothers' College,584,Presentation College Windsor,675,St Mary's School,681,Windsor Primary School,721
5 Kurrajong Crescent Melton South Vic 3338,370,House,3,1,2,Staughton College,760,Melton South Primary School,780,St Anthony's Primary School,851,Coburn Primary School,994,Melton Christian College,1158
5 Socorro Way Truganina Vic 3029,480,House,4,2,2,Rockbank Primary School,2355,Bacchus Marsh Grammar - Woodlea Campus,2831,Aintree Primary School,3054,Brookside P-9 College,5036,Christ the Priest Primary School,5263
50 Fisher Street Maidstone Vic 3012,600,House,3,2,4,Maribyrnong Secondary College,708,Footscray North Primary School,1175,Rosamond Special School,1203,St Margaret's Primary School,1576,Footscray City College,1842
5008/639 Little lonsdale street Melbourne Vic 3000,750,Apartment,2,2,1,Ozford College,223,Haileybury College - City Campus,348,Simonds Catholic College,915,Docklands Primary School,1019,St Joseph's Flexible Learning Centre,1160
509/501 Little Collins Street Melbourne Vic 3000,450,Apartment,1,1,0,Ozford College,561,Haileybury College - City Campus,792,Simonds Catholic College,1313,Victorian College Of The Arts Secondary School,1419,South Melbourne Primary School,1419
511/2 McGoun Street Richmond Vic 3121,550,Apartment,2,2,1,Richmond West Primary School,354,Lynall Hall Community School,593,Richmond High School - Griffiths Campus,626,Abbotsford Primary School,818,Yarra Primary School,1023
54 Webster Way Pakenham Vic 3810,480,House,4,2,2,Pakenham Springs Primary School,1443,Pakenham Secondary College,2201,St Patrick's Primary School,2206,Pakenham Consolidated School,2917,Pakenham Hills Primary School,2969
55 Homestead Road Berwick Vic 3806,520,House,3,2,2,Berwick Fields Primary School,641,Kambrya College,1193,Brentwood Park Primary School,1263,Heritage College,1487,Nossal High School,1606
55 Muirfield Dr Sunbury Vic 3429,420,House,3,2,1,Goonawarra Primary School,989,Our Lady of Mount Carmel School,2053,Salesian College,2322,Sunbury And Macedon Ranges Specialist School,2542,Sunbury College,2804
5505/18 Hoff Boulevard Southbank Vic 3006,1300,Apartment,3,2,2,Victorian College Of The Arts Secondary School,315,South Melbourne Primary School,984,Melbourne Grammar School,1244,MacRobertson Girls High School,1356,Montague Continuing Education Centre,1360
56 Grevillea Drive Mount Duneed Vic 3217,520,House,4,2,3,Mirripoa Primary School,915,Grovedale West Primary School,928,Grovedale College,930,Nazareth Primary School,1600,Geelong Lutheran College,1661
56 Selwyn Street Albion Vic 3020,300,House,3,2,2,St Theresa's School,643,Albion Primary School,688,St Paul's Primary School,907,Marian College,916,Mother of God School,1086
562 Waterdale Rd Heidelberg Heights Vic 3081,385,House,2,1,4,Charles La Trobe P-12 College,1233,Rosanna Primary School,1255,St Pius X School,1265,East Preston Islamic College,1329,Preston North East Primary School,1832
58 Lindisfarne Street Burwood East Vic 3151,550,House,3,1,1,Burwood East Primary School,414,Burwood East Special Developmental School,782,Blackburn English Language School,853,Forest Hill College,1290,Burwood Heights Primary School,1437
587 Lygon Street Carlton North Vic 3054,630,House,3,1,0,Princes Hill Primary School,108,Princes Hill Secondary College,443,Brunswick South Primary School,472,Our Lady Help of Christians School,965,Carlton North Primary School,1026
5/1 St Georges Road Toorak Vic 3142,280,Apartment,1,1,0,St Catherine's School,480,Loreto Mandeville Hall,779,Toorak Primary School,812,St Kevin's College,877,Geelong Grammar School - Toorak Campus,885
5/20 Kireep Road Balwyn Vic 3103,490,Apartment,3,2,2,Balwyn Primary School,694,Chatham Primary School,763,Fintona Girls' School,856,Belmore School,1131,Mont Albert Primary School,1244
5/21-23 Haig Street Box Hill South Vic 3128,430,Unit,2,1,1,Roberts McCubbin Primary School,432,Kingswood College,850,Laburnum Primary School,1098,Our Lady of Perpetual Succour School,1420,Box Hill High School,1455
5/39 Nepean Highway Elsternwick Vic 3185,430,Apartment,2,1,1,Elsternwick Primary School,500,Sholem Aleichem College,546,St Joseph's School,663,Adass Israel School,774,Leibler Yavneh College,808
5/6 Grandview Street Glenroy Vic 3046,380,Townhouse,2,1,1,Glenroy West Primary School,536,Glenroy Private,587,Glenroy Central Primary School,927,Oak Park Primary School,1009,Glenroy Specialist School,1024
5/80 Argyle Street Fawkner Vic 3060,350,Unit,2,1,1,St Mark's Primary School,354,Fawkner Primary School,582,Australian International Academy of Education,1310,Darul Ulum College of Victoria,1371,Mercy College,1518
6 Bittern Street Melton Vic 3337,360,House,4,2,2,Melton Secondary College,793,Melton Specialist School,813,St Dominic's Primary School,882,Melton Primary School,1096,Kurunjang Secondary College,1120
6 Hedgeley Rd Bell Park Vic 3215,650,House,6,4,4,Bell Park North Primary School,122,North Geelong Secondary College,618,Holy Family Primary School,656,Rollins Primary School,896,Nelson Park School,1000
6 Osborne Avenue Bentleigh Vic 3204,675,House,3,1,4,Mckinnon Secondary College,546,Valkstone Primary School,738,Mckinnon Primary School,761,St Paul's Primary School,1025,Our Lady of the Sacred Heart College,1364
60 Wingate Street Bentleigh East Vic 3165,615,House,3,2,3,East Bentleigh Primary School,576,Southern Autistic School,933,St Catherine's School,975,Southmoor Primary School,995,Bentleigh Secondary College,1002
603/469 St Kilda Road Melbourne Vic 3004,1100,Apartment,2,2,2,South Yarra Primary School,691,Wesley College,736,Christ Church Grammar School,744,MacRobertson Girls High School,785,Melbourne Grammar School,931
605/15 Caravel Lane Docklands Vic 3008,580,Apartment,2,2,1,Docklands Primary School,201,Haileybury College - City Campus,1044,Ozford College,1121,Simonds Catholic College,1318,St Joseph's Flexible Learning Centre,1625
61 Ambassador Crescent Point Cook Vic 3030,460,House,4,2,2,Stella Maris Catholic Primary School,1535,Suzanne Cory High School,1587,Point Cook Prep - Year 9 College,1619,Mossfiel Primary School,1814,Woodville Primary School,1832
62 Leeson Street Officer South Vic 3809,390,House,3,2,1,Bridgewood Primary School,1904,John Henry Primary School,1923,Edenbrook Secondary College,2049,Pakenham Lakeside Primary School,2624,Maranatha Junior School Officer,3233
64 Mount Erin Crescent Frankston South Vic 3199,575,House,4,2,2,St Augustine's School,490,Mount Erin Secondary College,743,Frankston Heights Primary School,1111,Frankston High School,1390,Kingsley Park Primary School,1430
67 Bradman Boulevard Traralgon Vic 3844,760,House,4,3,3,Traralgon (Stockdale Road) Primary School,819,St Paul's Anglican Grammar School - Traralgon,826,Traralgon College,1012,Grey Street Primary School (Traralgon),1273,St Gabriel's Primary School,1511
6/10 Howard Street Box Hill Vic 3128,300,Unit,2,1,1,Our Lady of Sion College,888,St Francis Xavier's Parish Primary School,990,Kingswood College,1123,Our Lady of Perpetual Succour School,1246,Box Hill High School,1373
6/15 Barwise Street Laverton Vic 3028,550,House,4,3,2,St Martin de Porres School,227,Western Autistic School,388,Laverton P-12 College,473,Altona Meadows Primary School,1618,Queen of Peace Parish Primary School,2931
6/15 Barwise Street Laverton Vic 3028,550,House,4,3,2,St Martin de Porres School,227,Western Autistic School,388,Laverton P-12 College,473,Altona Meadows Primary School,1618,Queen of Peace Parish Primary School,2931
6/2B Nullawil Street Springvale Vic 3171,310,Unit,2,1,1,St John Vianney's School,355,Wellington Secondary College,591,Springvale Rise Primary School (interim name),684,Albany Rise Primary School,1088,Minaret College,1241
6/30 Karingal Street Croydon North Vic 3136,520,Unit,3,1,2,Village School Inc,397,Oxley Christian College,817,Mooroolbark College,1885,Yarra Road Primary School,1926,Manchester Primary School,1985
6/32 Empire Street Footscray Vic 3011,330,Apartment,1,1,1,Footscray City College,340,Footscray North Primary School,559,Rosamond Special School,711,Maribyrnong Secondary College,986,St John's School,1053
6/67 Dover Street Flemington Vic 3031,650,Flat,3,1,1,Kensington Community High School,590,St Brendan's School,657,Mount Alexander 7-12 College,823,Ascot Vale Primary School,955,Ascot Vale Special School,1034
6/800 Nepean Highway Mornington Vic 3931,350,Unit,2,1,1,Osborne Primary School,1629,Benton Junior College,2016,Mornington Primary School,2381,Mornington Park Primary School,2637,Mornington Secondary College,3466
7 Beaconsfield Parade Northcote Vic 3070,600,House,3,1,0,Santa Maria College,665,Northcote Primary School,754,Northcote High School,821,Wales Street Primary School,932,St Mary's School,968
7 Bloomsbury Street Newtown Vic 3220,380,House,2,1,1,St Robert's School,545,Chilwell Primary School,615,Geelong South Primary School,1122,The Geelong College,1178,Geelong Grammar School - Bostock House,1186
7 Mccubbin Street Footscray Vic 3011,440,Townhouse,2,1,1,Footscray North Primary School,468,Rosamond Special School,509,Footscray City College,551,St John's School,573,Footscray Primary School,945
7 Spoonbill Carrum Downs Vic 3201,350,House,3,1,1,St Joachim's Catholic Primary School,279,Rowellyn Park Primary School,974,Banyan Fields Primary School,1206,Carrum Downs Secondary College,1713,Skye Primary School,2245
7 Spraypoint Drive Point Cook Vic 3030,600,House,4,2,2,Saltwater P-9 College,1232,Altona Green Primary School,1726,Lumen Christi Catholic Primary School Point Cook,2395,Seabrook Primary School,2984,Queen of Peace Parish Primary School,3150
7 Timmins Court Mill Park Vic 3082,600,House,4,2,4,Mill Park Heights Primary School,500,Findon Primary School,935,Lalor North Secondary College,1141,St Francis of Assisi Primary School,1306,Mill Park Secondary College,1486
70 Toora Drive Westmeadows Vic 3049,390,House,3,1,2,Westmeadows Primary School,806,Broadmeadows Valley Primary School,1166,Broadmeadows Special Developmental School,1582,Hume Central Secondary College,1588,Sirius College - Meadow Fair Campus,1770
71 Sternberg Street Bendigo Vic 3550,550,House,3,1,9,St Therese's Primary School,525,Doxa School Bendigo,1210,St Joseph's School,1244,Bendigo South East College,1413,St Kilian's Primary School,1455
710/639 Little Lonsdale Street Melbourne Vic 3000,500,Apartment,1,1,0,Ozford College,223,Haileybury College - City Campus,348,Simonds Catholic College,915,Docklands Primary School,1019,St Joseph's Flexible Learning Centre,1160
725/488 Swanston Street Carlton Vic 3053,360,Apartment,2,1,0,Stott's College,573,Carlton Gardens Primary School,653,St Joseph's Flexible Learning Centre,763,Holmes Secondary School,941,Simonds Catholic College,955
76 Everard Street Glenroy Vic 3046,380,House,3,1,1,Belle Vue Park Primary School,578,St Thomas More's School,1134,Glenroy Secondary College,1156,Corpus Christi Primary School,1222,Glenroy Central Primary School,1310
7b Bevis Street Bentleigh East Vic 3165,900,House,4,3,2,Valkstone Primary School,572,Mckinnon Secondary College,876,Mckinnon Primary School,978,St Paul's Primary School,1070,Bentleigh Secondary College,1223
7/29-31 Jersey Parade Carnegie Vic 3163,850,Townhouse,3,3,2,Carnegie Primary School,546,Murrumbeena Primary School,883,St Anthony's Primary School,1243,The Currajong School,1307,Glen Huntly Primary School,1399
7/508 Blackburn Road Doncaster East Vic 3109,530,Townhouse,3,2,1,Serpell Primary School,1416,St Charles Borromeo Primary School,1450,Milgate Primary School,1620,Our Lady of the Pines School,1754,Carey Baptist Grammar School - Donvale Campus,2036
7/83 Janefield Drive Bundoora Vic 3083,300,Apartment,1,1,1,Mill Park Primary School,1140,Plenty Parklands Primary School,1284,Parade College,1448,Mill Park Secondary College,2188,St Francis of Assisi Primary School,2300
8 Hall Street Epping Vic 3076,390,House,3,1,2,Epping Primary School,295,St Peter's Parish Primary School,909,St Monica's College,999,Epping Secondary College,1470,Epping Views Primary School,1517
803/60 Dorcas Street Southbank Vic 3006,700,Apartment,2,2,1,Victorian College Of The Arts Secondary School,337,Melbourne Grammar School,640,MacRobertson Girls High School,729,South Melbourne Park Primary School,1207,South Melbourne Primary School,1270
805W/888 Collins Street Docklands Vic 3008,500,Apartment,2,1,0,Docklands Primary School,905,Montague Continuing Education Centre,1317,Ozford College,1383,South Melbourne Primary School,1388,Haileybury College - City Campus,1424
815/628 Flinders Street Docklands Vic 3008,600,Apartment,2,1,0,South Melbourne Primary School,877,Ozford College,940,Montague Continuing Education Centre,1106,Haileybury College - City Campus,1132,Victorian College Of The Arts Secondary School,1284
8/184 Rossmoyne Street Thornbury Vic 3071,380,Unit,2,1,1,Holy Spirit School,388,Penders Grove Primary School,487,Wales Street Primary School,506,St Mary's School,950,Thornbury High School,1187
8/21 Irving Avenue Prahran Vic 3181,400,Apartment,2,1,1,The King David School,316,Our Lady of Lourdes School,626,St Mary's School,841,Christian Brothers' College,933,Windsor Primary School,1000
8/298 Nepean Highway Seaford Vic 3198,365,Apartment,2,1,1,Kananook Primary School,803,Nepean Special School,1854,John Paul College,1921,Monterey Secondary College,2016,Frankston Primary School,2066
9 Braemar Street Mont Albert North Vic 3129,650,House,3,1,2,Box Hill Senior Secondary College,333,Mont Albert Primary School,589,Koonung Secondary College,1004,Greythorn Primary School,1405,Our Holy Redeemer School,1461
9 Camelot Drive Tarneit Vic 3029,420,House,3,2,2,Tarneit P-9 College,484,Tarneit Senior College,816,Baden Powell P-9 College,1563,Good News Lutheran College,1876,The Grange P-12 College,1930
9 Martin Street Thornbury Vic 3071,650,House,3,1,1,St Mary's School,445,Wales Street Primary School,602,Thornbury Primary School,761,Santa Maria College,1061,Holy Spirit School,1206
9 Tangerine Road Manor Lakes Vic 3024,430,House,4,2,2,Manor Lakes P-12 College,1431,Our Lady of the Southern Cross Catholic Primary School,1628,Wyndham Christian College,2411,Riverbend Primary School,3013,Iramoo Primary School,4612
91 Festival Drive Point Cook Vic 3030,450,House,4,2,2,Alamanda K-9 College,727,Saltwater P-9 College,1810,Lumen Christi Catholic Primary School Point Cook,1851,Featherbrook College P-9,2085,Point Cook Prep - Year 9 College,2653
911/199 William Street Melbourne Vic 3000,575,Apartment,2,2,0,Ozford College,323,Haileybury College - City Campus,546,Simonds Catholic College,1045,St Joseph's Flexible Learning Centre,1199,Holmes Secondary School,1389
9/239 St Georges Road Northcote Vic 3070,385,Apartment,2,1,1,Croxton Special School,408,Northcote High School,526,Northcote Primary School,872,Brunswick East Primary School,1069,Santa Maria College,1113
9/919 Dandenong Road Malvern East Vic 3145,370,Apartment,2,1,1,St Mary's School,644,Lloyd Street Primary School,950,Malvern Primary School,983,The Currajong School,1149,Caulfield Park Community School,1156
G01/82 Bulla Road Strathmore Vic 3041,350,Apartment,1,1,1,Essendon North Primary School,533,Strathmore Primary School,996,Buckley Park College,1480,Strathmore North Primary School,1586,St John Bosco's School,1653
Ground Level Apartment 5 33 Quay Boulevard Werribee South Vic 3030,400,Apartment,2,2,2,MacKillop Catholic Regional College,6785,Alamanda K-9 College,6836,Corpus Christi Primary School,7276,Featherbrook College P-9,7302,Werribee Secondary College,7305
H307/12 Trenerry Crescent Abbotsford Vic 3067,390,Apartment,1,1,1,Sophia Mundi Steiner School,421,Andale School,948,Abbotsford Primary School,1186,Clifton Hill Primary School,1342,St Joseph's School,1368
Penthouse/469 Riversdale Road Hawthorn East Vic 3123,1700,Apartment,3,3,3,Camberwell Primary School,318,Auburn South Primary School,1298,Auburn Primary School,1348,Auburn High School,1372,Camberwell Anglican Girls' Grammar School,1468
Unit 2/12 Arvern Avenue Avondale Heights Vic 3034,430,Unit,2,1,1,Avondale Primary School,633,St Martin de Porres School,914,St Margaret's Primary School,2063,Braybrook College,2238,St Bernard's College,2307
